{
  "name": "bluno-canne",
  "version": "1.0.0",
  "title": "Bluno - Hello World",
  "description": "Simple app to get started with the Bluno Bluetooth Low Energy (BLE) board.",
  "tags": [
    {
      "label": "arduino",
      "type": "platform"
    },
    {
      "label": "bluno",
      "type": "vendor"
    },
    {
      "label": "ble",
      "type": "comm"
    }
  ],
  "libraries": [
    {
      "name": "jquery",
      "version": "2.1.1"
    }
  ],
  "plugins": [
    {
      "name": "cordova-plugin-ble",
      "version": "2.0.0"
    }
  ],
  "index-file": "index.html",
  "app-dir": "app",
  "uuid": "6d0734e3-d167-4eb2-a77f-278a3dd3c4b5",
  "icon": "app-icon.png",
  "doc-url": "http://evothings.com/2.2/doc/examples/bluno-helloworld.html",
  "long-description": "Simple app to get started with the Bluno Bluetooth Low Energy (BLE) board.",
  "cordova-id": "com.evothings.examples.blunohelloworld"
}